age,credit_card_limit,tempo_de_casa,mean_amount_ate_oferta,mean_reward_ate_oferta,reward_por_amount
0.5930196827709976,0.9540846726945524,-0.13761165995880012,0.5384595129264261,0.20607730158326953,-0.33378014556796604
-0.4033055360994792,-0.6235793945180239,-0.5076419629522376,-0.29351553292741017,-0.07485505053684341,0.10895324701967604
-0.28946010462362753,-0.5284303540460351,1.5589448580443797,-0.4431732545462855,-0.2626007020591978,0.4558199817798308
