cluster,0
0,40.658034379686384
1,11.912684827097644
2,91.69135530969999
